{"events_window_maxX": [[-165.0, -165.0, -165.0, -165.0, -165.0, -165.0, -165.0, -165.0, -165.0, -165.0, -165.0, -165.0, -165.0, -165.0, -165.0, -165.0, -165.0, -165.0, -165.0, -165.0, -165.0, -165.0, -165.0, -165.0, -165.0, -165.0, -165.0, -165.0, -165.0, -165.0, -165.0, -165.0, -165.0, -165.0, -165.0, -165.0, -165.0, -165.0, -165.0, -165.0, -165.0, -165.0, -165.0, -165.0, -165.0, -165.0, -165.0, -165.0, -165.0, -165.0, -165.0, -165.0, -165.0, -165.0, -165.0, -165.0, -165.0, -165.0, -165.0, -165.0, -165.0, -165.0, -165.0, -165.0, -165.0, -165.0, -165.0, -165.0, -165.0, -165.0, -165.0, -165.0, -165.0, -165.0, -165.0, -165.0, -165.0, -165.0, -165.0, -165.0]], "events_window_maxY": [[95.0, 95.0, 95.0, 95.0, 95.0, 95.0, 95.0, 95.0, 95.0, 95.0, 95.0, 95.0, 95.0, 95.0, 95.0, 95.0, 95.0, 95.0, 95.0, 95.0, 95.0, 95.0, 95.0, 95.0, 95.0, 95.0, 95.0, 95.0, 95.0, 95.0, 95.0, 95.0, 95.0, 95.0, 95.0, 95.0, 95.0, 95.0, 95.0, 95.0, 95.0, 95.0, 95.0, 95.0, 95.0, 95.0, 95.0, 95.0, 95.0, 95.0, 95.0, 95.0, 95.0, 95.0, 95.0, 95.0, 95.0, 95.0, 95.0, 95.0, 95.0, 95.0, 95.0, 95.0, 95.0, 95.0, 95.0, 95.0, 95.0, 95.0, 95.0, 95.0, 95.0, 95.0, 95.0, 95.0, 95.0, 95.0, 95.0, 95.0]], "events_window_rms": [[1206.4397760853606, 1255.1988387068557, 1295.3233824579959, 1336.502367273723, 1375.650607439932, 1410.9190397687569, 1435.4283568909088, 1464.3564756533556, 1486.59648066473, 1514.1844823132876, 1543.9234246770518, 1571.0049649795424, 1592.5857596090636, 1609.7941784250904, 1628.6741973010703, 1641.2503351933276, 1650.8861200049816, 1669.1047768148783, 1685.5841926879252, 1693.2959183308737, 1706.142285639827, 1710.1730763218977, 1717.5630277647138, 1725.7608571427031, 1727.4188897274623, 1731.1897576864667, 1735.2801818844493, 1741.4436355755008, 1748.0470322657497, 1754.7956777382851, 1763.578579177187, 1768.68133692411, 1775.7422740239194, 1778.2529509646329, 1779.2416013623333, 1779.5759899920452, 1779.5795945691234, 1781.0031636220183, 1781.6785123187112, 1782.3532937507666, 1783.778571433309, 1783.778571433309, 1784.7486038076675, 1786.4833494312873, 1787.274653937536, 1787.1140241968294, 1787.878540891073, 1788.5364570266615, 1787.67416738072, 1787.67416738072, 1787.67416738072, 1787.67416738072, 1788.3556239269014, 1787.67416738072, 1789.4734253606703, 1788.7472795884073, 1790.8078980830242, 1790.3637374976618, 1789.7490718916645, 1791.2951415737225, 1790.616781609341, 1792.2062677015495, 1796.4174276761678, 1795.950590968579, 1797.932431124641, 1804.569751393793, 1802.5665944266718, 1799.9979742680346, 1800.6717277807606, 1801.2921080200438, 1799.6417090393832, 1801.1118633527813, 1800.6327567662868, 1804.4157384695989, 1805.0908711796747, 1805.1463290401905, 1807.5245217957138, 1812.0272886785292, 1811.733486344311, 1813.9828583000676]], "events_window_width": [[5000.0, 5250.0, 5500.0, 5750.0, 6000.0, 6250.0, 6500.0, 6750.0, 7000.0, 7250.0, 7500.0, 7750.0, 8000.0, 8250.0, 8500.0, 8750.0, 9000.0, 9250.0, 9500.0, 9750.0, 10000.0, 10250.0, 10500.0, 10750.0, 11000.0, 11250.0, 11500.0, 11750.0, 12000.0, 12250.0, 12500.0, 12750.0, 13000.0, 13150.0, 13275.0, 13400.0, 13525.0, 13650.0, 13775.0, 13900.0, 14000.0, 14000.0, 14275.0, 14400.0, 14525.0, 14650.0, 14775.0, 14900.0, 15000.0, 15000.0, 15000.0, 15000.0, 15525.0, 15000.0, 15775.0, 15900.0, 16025.0, 16150.0, 16000.0, 16400.0, 16525.0, 16650.0, 16775.0, 16900.0, 17025.0, 17100.0, 17500.0, 17400.0, 17525.0, 17650.0, 17775.0, 17900.0, 18000.0, 18150.0, 18275.0, 18400.0, 18525.0, 18650.0, 18775.0, 18900.0]], "events_window_energy": [[3935.262173902303, 4043.8524665842738, 4126.130274396363, 4207.138532909666, 4286.400385907053, 4361.346072362515, 4403.669213931506, 4453.6423789348455, 4492.046121097046, 4535.5171611452, 4583.397498183541, 4624.912160841106, 4657.001314864615, 4677.470774907743, 4700.256016935224, 4715.72389235051, 4725.556675023102, 4745.152231135516, 4762.139173735129, 4769.280881410911, 4780.867694600953, 4784.485575930272, 4791.49426126908, 4798.663150057571, 4800.147414650402, 4802.632422854341, 4804.577850908395, 4808.20338375921, 4812.301067599945, 4815.807390487866, 4820.147327844641, 4822.739676197953, 4825.96924063089, 4827.280541595863, 4827.782130689433, 4827.918953268164, 4827.8995934472005, 4828.546378773254, 4828.836218979128, 4829.1234084970865, 4829.714262868814, 4829.714262868814, 4830.0686527565085, 4830.687058644228, 4830.957691170941, 4830.893637181632, 4831.137322912522, 4831.345598558189, 4831.043757473446, 4831.043757473446, 4831.043757473446, 4831.043757473446, 4831.226274524481, 4831.043757473446, 4831.511913198943, 4831.321575804682, 4831.8163903852055, 4831.714180708119, 4831.574268845251, 4831.910803982626, 4831.762115021422, 4832.096381883401, 4832.956189747152, 4832.851734812777, 4833.2368751997, 4834.18247935019, 4833.953750736025, 4833.601757277702, 4833.714477057522, 4833.815579100621, 4833.52974877396, 4833.7733881804, 4833.6911299526055, 4834.254200357826, 4834.352229463715, 4834.357269795458, 4834.693410467571, 4835.320677632369, 4835.272440843371, 4835.569839499359]], "events_window_charge": [[355.5517388567983, 363.4458939082372, 363.4458939082372, 363.4458939082372, 363.4458939082372, 363.4458939082372, 363.4458939082372, 363.4458939082372, 376.3265595804827, 382.5378812190085, 382.5378812190085, 382.5378812190085, 382.5378812190085, 382.5378812190085, 382.5378812190085, 382.5378812190085, 383.5769382170574, 383.5769382170574, 383.5769382170574, 383.5769382170574, 383.5769382170574, 383.5769382170574, 383.5769382170574, 383.5769382170574, 388.79076229919514, 388.79076229919514, 388.79076229919514, 388.79076229919514, 388.79076229919514, 388.79076229919514, 388.79076229919514, 388.79076229919514, 388.79076229919514, 388.79076229919514, 388.79076229919514, 388.79076229919514, 388.79076229919514, 388.79076229919514, 388.79076229919514, 388.79076229919514, 388.79076229919514, 388.79076229919514, 388.79076229919514, 388.79076229919514, 388.79076229919514, 388.79076229919514, 388.79076229919514, 388.79076229919514, 388.79076229919514, 388.79076229919514, 388.79076229919514, 388.79076229919514, 388.79076229919514, 388.79076229919514, 388.79076229919514, 388.79076229919514, 388.79076229919514, 388.79076229919514, 388.79076229919514, 388.79076229919514, 388.79076229919514, 388.79076229919514, 388.79076229919514, 388.79076229919514, 388.79076229919514, 395.75615473935534, 395.75615473935534, 395.75615473935534, 395.75615473935534, 395.75615473935534, 395.75615473935534, 395.75615473935534, 401.0236409122041, 401.0236409122041, 401.0236409122041, 401.0236409122041, 401.0236409122041, 401.0236409122041, 401.0236409122041, 401.0236409122041]],